,GSM2674196,GSM2674188,GSM2674189,GSM2674190,GSM2674191,GSM2674192,GSM2674193,GSM2674194,GSM2674195,GSM2674177,GSM2674178,GSM2674179,GSM2674180,GSM2674181,GSM2674182,GSM2674183,GSM2674184,GSM2674185,GSM2674186,GSM2674187,SSP_4,SSP_3,SSP_7,SSP_8,GSM3304988,GSM3304990,GSM3305006,GSM3305012,GSM3305060,GSM3305062,GSM3305064,GSM3305069,GSM3305076,GSM3305078,GSM3305083,GSM3305085,GSM3305086,CA.1,CA.2,CA.3,CA.4,CL.1,CL.2,CL.3,CL.4,CL.5,CL.6,CL.7,CL.8,CL.9,CL.10,HP.1,HP.2,HP.3,HP.4,HP.5,HP.6,HP.7,HP.8,HP.9,HP.10,AP.1,AP.2,AP.3,AP.4,AP.5,AP.6
GSM2674196,1.0,0.9778776774993083,0.9795913531544891,0.9252380620454242,0.9328380493970804,0.9342731799770735,0.9157658117041982,0.9624291238476745,0.9657341458671085,0.9689138225786887,0.9703222044956914,0.9752352844120817,0.9721165645987947,0.9647467072759958,0.9723990111011336,0.9262135890165158,0.9660531082360707,0.9344017504460055,0.9691763033819333,0.9432828334472584,0.9134819430398678,0.9490582663143061,0.9441343730483533,0.9350513478317579,0.8989003832331074,0.8952439565155759,0.9449233599896114,0.9193548342492398,0.9572259838187098,0.9442164149206179,0.9215006972864047,0.8843987982794191,0.926056547306941,0.9015385929679477,0.9529711497358644,0.8504050534933224,0.9324735315588657,0.7153418110394407,0.762497298195424,0.677590054636961,0.7949795229099094,0.9548976560947843,0.9493771513192026,0.9332915791289429,0.9558773116709413,0.9534021739402031,0.9509799352905168,0.9520881974859547,0.9511659350418735,0.9580946154560505,0.9550821284869987,0.9444703976752151,0.9328640837165874,0.9201050880987952,0.9324412085805462,0.9294317759874359,0.9034122483063988,0.9094404025751724,0.9100393773910828,0.8729137082238324,0.9375852187091004,0.9548125567102718,0.9431316176422133,0.9617670627801884,0.9347029558099783,0.8292871936814077,0.8850713113199771
GSM2674188,0.9778776774993083,1.0,0.9778940940701226,0.9285107700261163,0.9450078684288378,0.9404067118336766,0.9265296048311134,0.969624247280271,0.9597672188042771,0.9757936012723943,0.9680367179610655,0.9730894662936718,0.9713101808197928,0.9710369742516557,0.9717030359430271,0.9371553076450676,0.9722148744704,0.936619262099762,0.9679392610488529,0.9504850862233958,0.9088696916282076,0.9469439400916645,0.9415958654180445,0.9318253741905391,0.9007223840519907,0.8959127909834321,0.9407874655406562,0.922796467084295,0.953798702197298,0.9433879178456538,0.9236712174566911,0.8893905207867725,0.9270570574379373,0.9037926812542646,0.9530564848127004,0.853516694298578,0.9393199361201711,0.7245739740372079,0.7676725213590365,0.6842947122557055,0.8030061307106883,0.9538181437632677,0.9433330246369254,0.9269417893366243,0.9535463931480852,0.9456079259882814,0.9505115775270443,0.9584082297544362,0.9502076119980724,0.9557019046620155,0.9592827625842257,0.9474183487620444,0.9225340302059054,0.9135050384304312,0.9265674561071955,0.9195826544436315,0.898296145672929,0.89966777362906,0.8989875580573534,0.8646295375470635,0.9429054240920447,0.9605636657595807,0.9464708195100637,0.9648163847295207,0.9293430987454138,0.830591474934551,0.8882166644376035
GSM2674189,0.9795913531544891,0.9778940940701226,1.0,0.9330372556378436,0.9401797875958927,0.9367645344771329,0.9153644558984818,0.9647728699190263,0.9571309764888135,0.968582861557202,0.9737391179518816,0.979976725696628,0.9780307446914358,0.9694954705991915,0.9750114019718835,0.917619292823351,0.967593399684015,0.9195391955123994,0.9758711615891656,0.9429980171230719,0.9258317212636771,0.9454749779699614,0.9421512840109635,0.9295818392661297,0.9013871714753136,0.8988957962634839,0.9419855876141134,0.9181577821311369,0.9576907471210224,0.9477992449445779,0.9231970672996813,0.8848886120507479,0.9289894663421144,0.9069195074809775,0.9473596995999837,0.8331625890089591,0.9251134542057922,0.7162102165314188,0.7408144651048476,0.6676308417968985,0.7907993706384852,0.958911497004824,0.957342613662308,0.9428092054024433,0.9623753426141806,0.9554937393466039,0.9642238541674559,0.9573019649168495,0.9580425371651637,0.9617789687846751,0.9595089591326591,0.950279509879243,0.932697560908516,0.9259391867757275,0.9354456782337787,0.939300762255624,0.9037450290371687,0.9176172462729753,0.909575569055425,0.8791445653671685,0.9423633968042229,0.9516625459346506,0.9459760334285895,0.9625220402937369,0.923681483841039,0.8195014837533624,0.8764119152947298
GSM2674190,0.9252380620454242,0.9285107700261163,0.9330372556378436,1.0,0.9813659707111174,0.9848916311642244,0.9791542991249647,0.9619802202561358,0.953863348402412,0.9552957733217735,0.9585032053071433,0.9555449738440639,0.958947142932931,0.9577314503763701,0.9145249085282134,0.9575584832426715,0.9558417284634412,0.9325830435550319,0.9653232956998531,0.95827523180921,0.9003586399869532,0.9110501961306087,0.9083780228144533,0.9014508999187599,0.9134488170677134,0.854152179945352,0.909120997263666,0.917235780613394,0.9217406485704857,0.9153218897488993,0.8778814828284847,0.9091943965576694,0.9151936993031247,0.8583289240014186,0.9075596928553213,0.8465551117274661,0.9094299293326422,0.7284040823147463,0.7753337468716207,0.6160000019169458,0.8090357054501893,0.9128054174486254,0.9074540661851277,0.890240412623271,0.9200196661551059,0.9193947295964696,0.9253449359771968,0.9169551771272915,0.9383633449856381,0.903723447781357,0.917043301529046,0.940207239227734,0.8969386151160093,0.9190771759370856,0.9023303298922524,0.904939319725811,0.9193392459946217,0.934591957795385,0.921522875517162,0.8940692851077313,0.9484818555666251,0.9179904359266738,0.9306433777844318,0.9041702199931616,0.8872686459880805,0.7745600442890358,0.8824086871458116
GSM2674191,0.9328380493970804,0.9450078684288378,0.9401797875958927,0.9813659707111174,1.0,0.9832024049943844,0.9801882875325082,0.9704230491599666,0.955358097285238,0.9634952503736735,0.9599115135264666,0.9592547077324343,0.9631171038263217,0.9687888824562255,0.9268751958330852,0.9613433522050016,0.9650764604219488,0.9320937414709921,0.9663638695944211,0.9607459680375722,0.9022316532329236,0.9172890489006591,0.913915576358504,0.9050170452397929,0.9129322136571091,0.8632614749032164,0.9130654766091848,0.9183025092329232,0.9250007055855685,0.9191784418934517,0.8875551829904661,0.9099936967567,0.9188069159840516,0.8697978988200828,0.9194619926517356,0.8462418426657405,0.9207844764641605,0.7292981436215322,0.7751775159524735,0.6236224519314306,0.8124377840279035,0.91975720301015,0.9079933004816445,0.8956869497486997,0.9292823875667902,0.9214901015788389,0.9325649565034863,0.9306391144120585,0.9425071797286902,0.9145246211420506,0.9271973279035101,0.947702012007713,0.8937455131410843,0.9126497249637184,0.9015236269775068,0.9041006499305233,0.9097409865473916,0.9248075882186898,0.9113075210669568,0.8810787823409564,0.9479343967040682,0.9350409047209604,0.9363021726855105,0.923387362642334,0.8961448788405318,0.7874126299630417,0.8837622598607161
GSM2674192,0.9342731799770735,0.9404067118336766,0.9367645344771329,0.9848916311642244,0.9832024049943844,1.0,0.9805143980683717,0.9706621571254842,0.9630188125792964,0.9668710705737078,0.9635170820536142,0.9611151256601479,0.9614835285206433,0.9669184785398975,0.9211234075912202,0.9649556207992699,0.9616769982360882,0.9405162311791806,0.9661330608036979,0.9613408336405088,0.8994742620317767,0.9174022894019548,0.9138533420503342,0.9092291374736361,0.9160332811341121,0.8585950504074957,0.91624084702848,0.9221027625457804,0.9291120738642822,0.9180178587795906,0.8828018033720775,0.9135010649565788,0.9199519920449183,0.8625965010905279,0.9209855701816168,0.8640629026830748,0.9208725772166186,0.7333352096039888,0.793487082834519,0.6295511162822632,0.8195966907853617,0.918103947839952,0.908719215792699,0.8889398614599756,0.9236422509612382,0.9211367989736208,0.9252874713892382,0.9241505005988124,0.9405880958861805,0.9105869350749004,0.9224335692090874,0.9432686466025757,0.8983311579787915,0.9156424931405035,0.9038930625458305,0.903166432620731,0.9219951976216509,0.9298893700632122,0.9192692719447946,0.8899787788491496,0.9523954663848857,0.9282919050853801,0.9343089733391907,0.9136204958972879,0.8965133950442702,0.7868587408882366,0.8895063516231788
GSM2674193,0.9157658117041982,0.9265296048311134,0.9153644558984818,0.9791542991249647,0.9801882875325082,0.9805143980683717,1.0,0.9558864233368364,0.9457038667337692,0.9514166094901422,0.9485076718852273,0.9425203671352183,0.9450396838114231,0.9492131682622573,0.9080665846765151,0.9662937276417669,0.9546977988771795,0.9381334925364646,0.9521110150759678,0.9606703089353994,0.8856218743583832,0.9047690315223578,0.8952679273718435,0.8943404814138831,0.9116939911120429,0.8501856001638315,0.8997314696989772,0.9127549891199583,0.9070569617311172,0.9083492577493849,0.8694402490953794,0.907273287721369,0.9111794882481884,0.8494707781121662,0.9074652276978332,0.8474540947162398,0.9095590625863627,0.7345576122274081,0.7893820339206036,0.6255273194490817,0.8162029957645455,0.9036330117782038,0.8903535987140676,0.8756593844094064,0.9082834272849037,0.9088554265636011,0.9144687454245962,0.9117988111109719,0.9286171372456212,0.8925259824301456,0.9142357079623795,0.9381038351922181,0.8852918549797707,0.9087636046222212,0.8879708896453959,0.8827283407445623,0.9092706236184318,0.9188040746671238,0.912042145304614,0.8776537044165414,0.940807174338707,0.921505651253575,0.9296124039637029,0.9042080110886034,0.8878034702843769,0.7823368811131415,0.8878791104085828
GSM2674194,0.9624291238476745,0.969624247280271,0.9647728699190263,0.9619802202561358,0.9704230491599666,0.9706621571254842,0.9558864233368364,1.0,0.9754742312056834,0.9843451196208146,0.9801828301053317,0.9794607930856469,0.9821668837281189,0.9838216369263683,0.9606494878694659,0.9533243030076191,0.9746809995994572,0.9357943928699517,0.977370005096723,0.9581842480898957,0.9162869647248323,0.9402984203410949,0.939122039359122,0.9293923642553438,0.9186758730123666,0.8862713786488429,0.9357261477973882,0.9302945917641576,0.9512502170210024,0.9394051607360739,0.9125233927021974,0.9082905328963232,0.9334074563031722,0.8940849174362893,0.9463435135744828,0.8595422388070193,0.9405279128770194,0.7422472892241133,0.7866618631893441,0.6593540592641675,0.824858838652783,0.9475712139605775,0.9347093554929339,0.9163363906888616,0.9507227418471285,0.9466980709617893,0.9479316890390718,0.9555899457781062,0.9547300355076823,0.9452047752600414,0.9540010729215492,0.9577279763537943,0.9237009534018565,0.9190593845376371,0.9254099313614407,0.9268740068140418,0.9219574801300201,0.9253990108805099,0.9130721477482961,0.8849875114982662,0.9565174508951987,0.9532226495131078,0.9455688397197626,0.9493671584616354,0.9177330764964766,0.822053740078616,0.8876293132647333
GSM2674195,0.9657341458671085,0.9597672188042771,0.9571309764888135,0.953863348402412,0.955358097285238,0.9630188125792964,0.9457038667337692,0.9754742312056834,1.0,0.9753877685880359,0.9719639284721073,0.9730540562953198,0.9740627833669351,0.9715574505313536,0.9509994736457741,0.9467132590391681,0.9648336129797509,0.9443840400907029,0.9730286650014549,0.9487559404165162,0.9093655746715058,0.9423309085293028,0.941300669537439,0.9382618909116248,0.918376262725251,0.8842580204224136,0.9413483026164396,0.9314082750045132,0.9499885273336713,0.93802045285817,0.9056537337981226,0.906759128929103,0.930979264645721,0.8844637512351795,0.9474545645537159,0.8754485276958268,0.9383934834989242,0.7439895354712776,0.8112438662229041,0.6809635948526576,0.833315907928329,0.9405551253268442,0.9316314508702124,0.9017585044853034,0.9456858199848653,0.9486093817669942,0.9357183173678844,0.943765500288539,0.9506936895339387,0.9401895399407217,0.9448245891085699,0.9475702719035783,0.9299848430352226,0.9241432872817712,0.924497585355066,0.9242685038630197,0.9339511998960335,0.9298047927191128,0.9222254140535415,0.8926711738543678,0.9513602276733252,0.9475279464876006,0.9382140952140317,0.9380109316282031,0.9199393454248604,0.8299994664294643,0.8904786649127361
GSM2674177,0.9689138225786887,0.9757936012723943,0.968582861557202,0.9552957733217735,0.9634952503736735,0.9668710705737078,0.9514166094901422,0.9843451196208146,0.9753877685880359,1.0,0.9811245206093869,0.9817124454336846,0.9757709668194854,0.9800807670522703,0.9578815454543397,0.9603163406657075,0.9778112764258378,0.9471480803719046,0.9745163624404072,0.9667618753279256,0.9135889447650839,0.9426089912146377,0.9385685324554024,0.9330913178634109,0.9217888402102,0.8915989732138981,0.942290016377753,0.9373984073445878,0.9565920880087317,0.94389570805851,0.9168660043875059,0.9135762176004806,0.9380671769715174,0.895265608818667,0.9523352067294756,0.8779567344040805,0.9442474120971779,0.7467763516594338,0.8005801489731518,0.6760629937473663,0.831191621243736,0.9534475394033984,0.9408569703868944,0.9158382078660523,0.9515471712375709,0.9444399070397512,0.9448477775778611,0.9535204537460208,0.955638711748413,0.945262129271112,0.9526468367563591,0.9591043483212582,0.9252609812837912,0.9227105302286637,0.925691949371436,0.9197062659096337,0.9252028409543178,0.9248656464409861,0.9217590432837527,0.8899855686654334,0.9624287035329185,0.959226931111883,0.9492296932012932,0.9522629464171761,0.9305897771204673,0.8257372367041582,0.9041582698153451
GSM2674178,0.9703222044956914,0.9680367179610655,0.9737391179518816,0.9585032053071433,0.9599115135264666,0.9635170820536142,0.9485076718852273,0.9801828301053317,0.9719639284721073,0.9811245206093869,1.0,0.9824408967190456,0.9826689038218395,0.9794040521341358,0.9683176148629904,0.9471195688396632,0.9796796013023059,0.9379101777732509,0.980495809423143,0.9614720410474145,0.9294915324975748,0.9485796060768752,0.9410837447500916,0.934781217648924,0.9200857898531946,0.8940766999766337,0.9406847665572937,0.929720834337234,0.9565953697668891,0.9494146488828671,0.9162736612639233,0.9026327419832524,0.9381581554065972,0.89689804192351,0.9506149128879627,0.8549065273705222,0.9327029577464487,0.7342501381875329,0.773393523915202,0.6518947353882005,0.8145014009850211,0.9493392368973453,0.9458481027275166,0.9352313411642721,0.9539007463110442,0.9587460479951866,0.9597340941352359,0.9531309785727345,0.9583450202758349,0.9499115140704613,0.9567586312469684,0.9607187602369904,0.9367286159554069,0.9341626050877642,0.9407903637307463,0.9416496580427359,0.9280094947609984,0.9375260354141774,0.9283452951916458,0.8971643665739701,0.9545937575767538,0.9529330443527018,0.9540832210638023,0.9547788082309869,0.9261201215909876,0.8191630179923336,0.8925919059678329
GSM2674179,0.9752352844120817,0.9730894662936718,0.979976725696628,0.9555449738440639,0.9592547077324343,0.9611151256601479,0.9425203671352183,0.9794607930856469,0.9730540562953198,0.9817124454336846,0.9824408967190456,1.0,0.9852273886031785,0.9776149285087344,0.969262487133349,0.9433397099943273,0.9762253939711972,0.9363907822981644,0.983372133411314,0.9595731621081023,0.9312039093629871,0.9475394586481992,0.9438816237290828,0.9335475396615628,0.9228476373040383,0.902372354062685,0.9438503873097679,0.935474115499609,0.959415078669931,0.9520496172671037,0.925619179994639,0.9071237164893973,0.9403534888461614,0.9080856106929268,0.9498752969701548,0.8508102200825172,0.9373707177013232,0.7461124986566456,0.7745392947783751,0.6723411077593666,0.8240545999693342,0.9587606267456524,0.9546609064770918,0.9385876716273205,0.9629264488685899,0.9592990363426643,0.9617339392430889,0.9607167136424414,0.9674556274079865,0.9571766228888655,0.9626084689586587,0.9643270397973509,0.9378542078948222,0.9372356089500913,0.9362522752319224,0.9384809275706595,0.9246651282688889,0.9403346529407184,0.932402209620614,0.8972719544847961,0.9605508334790172,0.9572563443637172,0.955863293601509,0.9579016261476552,0.9295728372273961,0.8296253034992657,0.8963821628726915
GSM2674180,0.9721165645987947,0.9713101808197928,0.9780307446914358,0.958947142932931,0.9631171038263217,0.9614835285206433,0.9450396838114231,0.9821668837281189,0.9740627833669351,0.9757709668194854,0.9826689038218395,0.9852273886031785,1.0,0.9815914141926222,0.9717602007762906,0.9406015013267434,0.9755597100943167,0.9303660894404808,0.9863828063031822,0.9556945802324845,0.9286335152807268,0.9468520096881946,0.9451425869473514,0.9335141168667179,0.9153623683221259,0.89129359563474,0.9403899893349443,0.926952785674206,0.9550482135184334,0.944759512014709,0.9188079837638694,0.9009791876602207,0.9331372254934928,0.9013950355483297,0.9466532599235796,0.842063088375297,0.9356905494991741,0.7311375288654537,0.7632253247818258,0.6526183932046639,0.8111504545662049,0.95124390609331,0.9459812826558187,0.9313608752214328,0.960379370226336,0.9595131204204671,0.9613192986893904,0.9599068700536325,0.9626891949902496,0.9569425535984001,0.9594980442396546,0.9594356713376622,0.9324898927639326,0.9292565095987844,0.9327567006651006,0.9419195469839717,0.9199248162755225,0.9335426999542321,0.9193501272385922,0.8896295395884236,0.9527927106253988,0.9536838135007158,0.9493008146809737,0.9544872653798552,0.9180618691430653,0.8213528205665602,0.8798737689022513
GSM2674181,0.9647467072759958,0.9710369742516557,0.9694954705991915,0.9577314503763701,0.9687888824562255,0.9669184785398975,0.9492131682622573,0.9838216369263683,0.9715574505313536,0.9800807670522703,0.9794040521341358,0.9776149285087344,0.9815914141926222,1.0,0.9604505447968374,0.9458419941909786,0.9769822130708705,0.9273345877523463,0.9775490166383278,0.9527220351417439,0.9200239899068996,0.9443501610240115,0.9419661491954935,0.9314652478825713,0.9085722402739408,0.8812375895149652,0.934061308740147,0.9215234833973986,0.9538122709963566,0.9336690726453933,0.9088925967255873,0.9006654218914867,0.9301501187749733,0.8923790438899861,0.9453167391300155,0.8537027691004223,0.9350880346546897,0.7196252178125029,0.7672169363746523,0.6379107267461434,0.8046844543560561,0.9399432929466606,0.9316481114545012,0.9188803282926223,0.9515154956801398,0.9437163440468623,0.9514345830769683,0.9514326415707711,0.9535981823742226,0.9454664057211631,0.9477799477480938,0.953026326090116,0.9162421393523771,0.9149781152646875,0.9250154940930915,0.9320501982460031,0.9132211248986752,0.920767734297253,0.9048481758229588,0.8789275045038784,0.950815958511706,0.9511490925904638,0.9431399533704381,0.9486576575569021,0.9130502345243884,0.8080146010667437,0.8798942681930847
GSM2674182,0.9723990111011336,0.9717030359430271,0.9750114019718835,0.9145249085282134,0.9268751958330852,0.9211234075912202,0.9080665846765151,0.9606494878694659,0.9509994736457741,0.9578815454543397,0.9683176148629904,0.969262487133349,0.9717602007762906,0.9604505447968374,1.0,0.9060961947647075,0.9620024399766933,0.9156702579833407,0.9661105227480383,0.9303974169617669,0.9143234824340578,0.9452682946311172,0.9384982191709664,0.9260629146605408,0.8909597826836828,0.8929363995552043,0.932371832957863,0.9069219245241148,0.9494610301007408,0.9424200614573499,0.9134246424177882,0.8680825644177115,0.9167104198456522,0.9005643265325207,0.9461720219570022,0.8191743301637026,0.9209639835477021,0.7136628307188718,0.738641864707543,0.6658388718850695,0.7872306910824706,0.946269460040333,0.9437247224630888,0.9367805077851464,0.9486809895177339,0.957046947545562,0.956870317680822,0.9544232966169289,0.9448639464191194,0.9553386351013665,0.9609172230903059,0.9428879690393737,0.9314708863265322,0.9181499321273263,0.9346302558791777,0.9353205375533542,0.8936017070587488,0.9058168296999963,0.9003041934313287,0.862594884401869,0.9271864734285775,0.9467114198384031,0.9406761514438005,0.9600316444211968,0.9154264082427649,0.827119299991059,0.8636797271677602
GSM2674183,0.9262135890165158,0.9371553076450676,0.917619292823351,0.9575584832426715,0.9613433522050016,0.9649556207992699,0.9662937276417669,0.9533243030076191,0.9467132590391681,0.9603163406657075,0.9471195688396632,0.9433397099943273,0.9406015013267434,0.9458419941909786,0.9060961947647075,1.0,0.960070315101506,0.9629832580016358,0.9506988243301567,0.977830551088402,0.8763835544874119,0.9113273257929152,0.9033253137905892,0.9006773285696166,0.9139260217828797,0.8559094203986717,0.9114966504048709,0.9247804997965322,0.9086821961678994,0.9123744526242854,0.8812748021882599,0.9123745077470795,0.9170052497612626,0.8579673801215983,0.9169444440406695,0.8703164441178793,0.9250780619761623,0.7435618530732164,0.817078567749835,0.6495729243513382,0.8260990303841592,0.9141062867758514,0.8921726809734339,0.8696824739697087,0.9136975915768883,0.9070040332637576,0.9049001758773566,0.9211343141630738,0.9329037084690414,0.8950011231867568,0.9127461724546039,0.9359571485985332,0.8861359619266763,0.907769602923397,0.8786933242555297,0.8647449215150209,0.9095848186635861,0.907483349077578,0.9155749948180825,0.8738408565418957,0.9463122281890316,0.9327704086874519,0.9360591317033891,0.913740367980478,0.9058498830456746,0.8013625363968314,0.9067122727485425
GSM2674184,0.9660531082360707,0.9722148744704,0.967593399684015,0.9558417284634412,0.9650764604219488,0.9616769982360882,0.9546977988771795,0.9746809995994572,0.9648336129797509,0.9778112764258378,0.9796796013023059,0.9762253939711972,0.9755597100943167,0.9769822130708705,0.9620024399766933,0.960070315101506,1.0,0.9423895794301635,0.9762199919925931,0.9701413415504392,0.9218577543541054,0.9486394792984735,0.9371362894252486,0.9333495247810295,0.9214268707203459,0.8951632199431241,0.9367889166864922,0.9305162574596615,0.9456733980137985,0.9453507615722925,0.9171606927220722,0.9084250525851572,0.9421733084909243,0.8962765266113636,0.9486292873793165,0.8546908715559456,0.9385530239667749,0.7380353596530359,0.781400630825229,0.6589577038186609,0.8209204850769225,0.9479465534695055,0.9371752394356095,0.9261480148843465,0.9552034780962934,0.9457884537131761,0.9559293751692842,0.9535090122075335,0.9599272870164222,0.9435834985437977,0.956979619787411,0.9614472914816001,0.9220960952607921,0.9257588699287882,0.9233801907764413,0.9207232716761832,0.9160374350339305,0.9264201434741482,0.9213762570403864,0.887832946280539,0.9557700372968895,0.9626556863445381,0.9566937423646229,0.9589456327240841,0.93212630168218,0.8227125967630539,0.9045059257327547
GSM2674185,0.9344017504460055,0.936619262099762,0.9195391955123994,0.9325830435550319,0.9320937414709921,0.9405162311791806,0.9381334925364646,0.9357943928699517,0.9443840400907029,0.9471480803719046,0.9379101777732509,0.9363907822981644,0.9303660894404808,0.9273345877523463,0.9156702579833407,0.9629832580016358,0.9423895794301635,1.0,0.9435664936560104,0.9639191189458183,0.8690877952641309,0.9166989398542812,0.9085164289832881,0.9058503183462328,0.8954502535420847,0.856995992263303,0.9147354194087929,0.915432727281785,0.9204347766026016,0.915029240582241,0.8822360798149287,0.8925683731011749,0.9021132566604299,0.8598957775959893,0.9193476724383013,0.8738587347750674,0.9140286635341716,0.7292722165162185,0.8112943085103435,0.6730999172816784,0.8091106718372454,0.9077899539354051,0.8945937097156135,0.8727932178686298,0.9043392130677111,0.9162182662075153,0.8991367923848594,0.9097032191730279,0.923988989232935,0.8974369678404889,0.9123032633827168,0.9204329413884796,0.8995951307260284,0.9189805522111787,0.8996579721358797,0.8735265070667799,0.903705872538577,0.8995678425189428,0.9195032961287686,0.8671106181422659,0.9265629158343034,0.9230182411645855,0.9314218356977657,0.9084696878300788,0.9006147971737163,0.8031195022245589,0.9044526257124736
GSM2674186,0.9691763033819333,0.9679392610488529,0.9758711615891656,0.9653232956998531,0.9663638695944211,0.9661330608036979,0.9521110150759678,0.977370005096723,0.9730286650014549,0.9745163624404072,0.980495809423143,0.983372133411314,0.9863828063031822,0.9775490166383278,0.9661105227480383,0.9506988243301567,0.9762199919925931,0.9435664936560104,1.0,0.9647967416448199,0.9298495502910281,0.9463685498362516,0.9436690036769108,0.9331678942744747,0.9244216827915853,0.8966205632698102,0.9433902328428772,0.9353027730720287,0.9521186569405694,0.9500388306739015,0.9178089361400456,0.9075980231138633,0.9376936218497737,0.9017877559318644,0.946472889610346,0.8474585525175249,0.9344611097219533,0.7450451160399235,0.777470346032639,0.662344318053469,0.8215412869014438,0.9529532606470967,0.9486943018409172,0.9322508412132791,0.961225326760261,0.9612578341677546,0.9614163277387293,0.9611391936480463,0.968541475111612,0.9501627552956828,0.956847381733893,0.9608953500972585,0.9354823614179325,0.942589960548983,0.9301011381443698,0.9353471624150659,0.9301927686440594,0.9442350434764503,0.9359175101965203,0.9003239024336812,0.9590729929321226,0.9512214056125892,0.9567845442278597,0.9517432731092265,0.920227186020864,0.8265837943598001,0.8901359486337729
GSM2674187,0.9432828334472584,0.9504850862233958,0.9429980171230719,0.95827523180921,0.9607459680375722,0.9613408336405088,0.9606703089353994,0.9581842480898957,0.9487559404165162,0.9667618753279256,0.9614720410474145,0.9595731621081023,0.9556945802324845,0.9527220351417439,0.9303974169617669,0.977830551088402,0.9701413415504392,0.9639191189458183,0.9647967416448199,1.0,0.8959712494547493,0.9212126012360342,0.9125928970790941,0.9074911409824163,0.919900328585773,0.8728853059267143,0.9243317848251122,0.9309039315758532,0.9248986761649762,0.9303807348485015,0.8985405304463986,0.9119853548513651,0.9258154440155455,0.8759328151571928,0.9274613195285066,0.860454078818943,0.9255832862762378,0.744053980974867,0.7976485776055363,0.6547172731788997,0.8208539317435053,0.9314393479604206,0.9169156102087697,0.899140456402449,0.9307407369576304,0.9262756177254431,0.9298909290946321,0.9339642409728844,0.9476188422522935,0.9163517463708976,0.9311112138332696,0.9480519168666528,0.9044811850016063,0.9282434535353141,0.8999415692706384,0.8881471137228838,0.9135298649572295,0.9220249454328772,0.9306326025619749,0.885586858474481,0.9535942729406552,0.9426240175458473,0.9505383539364076,0.9298886431358514,0.9146504832060828,0.8059298470387335,0.9101343971447281
SSP_4,0.9134819430398678,0.9088696916282076,0.9258317212636771,0.9003586399869532,0.9022316532329236,0.8994742620317767,0.8856218743583832,0.9162869647248323,0.9093655746715058,0.9135889447650839,0.9294915324975748,0.9312039093629871,0.9286335152807268,0.9200239899068996,0.9143234824340578,0.8763835544874119,0.9218577543541054,0.8690877952641309,0.9298495502910281,0.8959712494547493,1.0,0.9433159126840296,0.9446342137680167,0.937425721978368,0.9047075719426133,0.9243929835613435,0.918611390386615,0.9123893156908677,0.9042025588959666,0.9354456400680216,0.9286100274156487,0.8805241158707611,0.9419396619557913,0.9304063402725832,0.9097453979501152,0.7882248002329197,0.8949579996967489,0.7911003693982722,0.7352106488216308,0.6929977855167814,0.8320585401816851,0.9137266790520486,0.9307636197530001,0.924745617752298,0.9355235896843497,0.9301416364299449,0.9475865870358622,0.9126618103616195,0.9343314507393468,0.9227941203816641,0.9245693331242182,0.9353101041109942,0.9437188092665375,0.9356617955381764,0.9161650861785634,0.945905151257924,0.9229842727242044,0.9394658125678289,0.9128386318171346,0.9364191494057035,0.9354598924493609,0.9167638401388672,0.9197251026598916,0.921288727305521,0.909017431853567,0.8532401102210694,0.8711365093710611
SSP_3,0.9490582663143061,0.9469439400916645,0.9454749779699614,0.9110501961306087,0.9172890489006591,0.9174022894019548,0.9047690315223578,0.9402984203410949,0.9423309085293028,0.9426089912146377,0.9485796060768752,0.9475394586481992,0.9468520096881946,0.9443501610240115,0.9452682946311172,0.9113273257929152,0.9486394792984735,0.9166989398542812,0.9463685498362516,0.9212126012360342,0.9433159126840296,1.0,0.9818756644466289,0.9803056825410057,0.9026563475205598,0.9108986427308896,0.9450934016451452,0.9251244290530487,0.9284534428503437,0.9441511277383999,0.9266807152275498,0.8927892052128129,0.9390980647646863,0.9193972234956792,0.9480316891479302,0.8475113049928164,0.9302855263532607,0.766169545005774,0.799076899766752,0.710137005040946,0.8329629424594865,0.919667186322331,0.9250614936478729,0.909242363658826,0.9336647514114794,0.9398297144255225,0.940373794006253,0.9298818633027401,0.9379897488710441,0.9368961275669039,0.938180449686214,0.935372801101665,0.9443023918083296,0.9334465883959991,0.9232833868896082,0.937806468943393,0.9289565290894688,0.9205150449432778,0.9146451224356739,0.9100852645799562,0.9432469987499476,0.9429829034667107,0.9368582142935532,0.9417131875902426,0.9281886390765897,0.8634004916689474,0.8935007745116337
SSP_7,0.9441343730483533,0.9415958654180445,0.9421512840109635,0.9083780228144533,0.913915576358504,0.9138533420503342,0.8952679273718435,0.939122039359122,0.941300669537439,0.9385685324554024,0.9410837447500916,0.9438816237290828,0.9451425869473514,0.9419661491954935,0.9384982191709664,0.9033253137905892,0.9371362894252486,0.9085164289832881,0.9436690036769108,0.9125928970790941,0.9446342137680167,0.9818756644466289,1.0,0.9792036518772212,0.8992306859891531,0.9103359526777838,0.9454583113173614,0.9246836561150507,0.9253705259406132,0.9376021893239054,0.9303637730904492,0.889121286350723,0.933573187712908,0.9239514932981622,0.9392477658883346,0.8444902239975146,0.9281477789617475,0.7711531390351233,0.7948392176523175,0.7142327188381767,0.8331226880958897,0.9198640014662667,0.9258989254800676,0.9011009971249233,0.9340423518549967,0.9370401951222227,0.9341568457800509,0.9282421594941787,0.9348407529224616,0.9373564107107049,0.9316543450899096,0.92904125745114,0.9422324344985601,0.930084282706001,0.9176822607511409,0.9398536006677767,0.9339039004195422,0.9209626122142828,0.9089609547107039,0.9156070201620266,0.9423697138664865,0.9353405185143341,0.926433728037564,0.9330993721799157,0.9190556055479131,0.8649679381027358,0.8802751617528267
SSP_8,0.9350513478317579,0.9318253741905391,0.9295818392661297,0.9014508999187599,0.9050170452397929,0.9092291374736361,0.8943404814138831,0.9293923642553438,0.9382618909116248,0.9330913178634109,0.934781217648924,0.9335475396615628,0.9335141168667179,0.9314652478825713,0.9260629146605408,0.9006773285696166,0.9333495247810295,0.9058503183462328,0.9331678942744747,0.9074911409824163,0.937425721978368,0.9803056825410057,0.9792036518772212,1.0,0.8985865765543481,0.9010301044796569,0.9452342088608501,0.9237792086479327,0.9145885988666411,0.9335230335349697,0.9177723516391109,0.8933613141518019,0.9349799472042406,0.9095954372860668,0.9407292324527117,0.8619453616469576,0.9268929940904431,0.7777959738865263,0.8274477755890939,0.7269139204567605,0.8459479086018261,0.9077606717386847,0.9132922485152405,0.8767828168693279,0.9195312104651976,0.9255063288039433,0.9192544504618808,0.9098473748983132,0.9215832855717173,0.9210480330039439,0.9203320989936092,0.9185778894270629,0.936870086544094,0.922289128068874,0.9054124907533545,0.9292123155902121,0.9430245377357249,0.9162880059785655,0.9052977834048567,0.9233443366152569,0.939989881845445,0.9332084879910074,0.9144723508904369,0.9211346280808429,0.9196642602478263,0.8665057643199616,0.8850059627147437
GSM3304988,0.8989003832331074,0.9007223840519907,0.9013871714753136,0.9134488170677134,0.9129322136571091,0.9160332811341121,0.9116939911120429,0.9186758730123666,0.918376262725251,0.9217888402102,0.9200857898531946,0.9228476373040383,0.9153623683221259,0.9085722402739408,0.8909597826836828,0.9139260217828797,0.9214268707203459,0.8954502535420847,0.9244216827915853,0.919900328585773,0.9047075719426133,0.9026563475205598,0.8992306859891531,0.8985865765543481,1.0,0.8907581840816304,0.8993799909829436,0.9346727767455754,0.8706810362887648,0.9186628803605287,0.8892974544661234,0.9124344496637274,0.9254083284162091,0.8787915193427372,0.895688170600149,0.8345294189629046,0.905552808539607,0.8108887345491784,0.8176546726469012,0.7210895191233399,0.8700419889077468,0.919404442759555,0.9094935560835614,0.8825844864470371,0.9186328195702167,0.9157357250945749,0.9165917905238831,0.9127821505771953,0.9362792489359423,0.8961434933219519,0.9158368557811614,0.9350658762025409,0.9126299542401807,0.9212211291568959,0.8744656268928563,0.877152788015556,0.9197432430562549,0.9258759627254489,0.9246724793349379,0.904667609485052,0.9422161539760803,0.9193311281016517,0.9298018076566475,0.9084309306473463,0.9102398724660501,0.8602971873097333,0.8977684417198577
GSM3304990,0.8952439565155759,0.8959127909834321,0.8988957962634839,0.854152179945352,0.8632614749032164,0.8585950504074957,0.8501856001638315,0.8862713786488429,0.8842580204224136,0.8915989732138981,0.8940766999766337,0.902372354062685,0.89129359563474,0.8812375895149652,0.8929363995552043,0.8559094203986717,0.8951632199431241,0.856995992263303,0.8966205632698102,0.8728853059267143,0.9243929835613435,0.9108986427308896,0.9103359526777838,0.9010301044796569,0.8907581840816304,1.0,0.8995601615719876,0.9072297174899103,0.8766928932823235,0.9271363879180807,0.9247183307931091,0.8464845400732233,0.926956124034964,0.9273243860211886,0.8953616458509707,0.7668774506900868,0.8807361256407719,0.8328304111447528,0.7560042442447031,0.7678948321508074,0.8564595202244969,0.9218904904690148,0.9252243806043744,0.9150425386871337,0.9280951949414497,0.9164726327455246,0.9249981111423383,0.9152937226802847,0.9242960398493563,0.9163728199757584,0.9232849817621638,0.9199763703283729,0.9296398436466584,0.9073083645147714,0.8906604739347606,0.8915550528480616,0.8856831624351742,0.8959694333732008,0.8931749841771955,0.8866091422637492,0.9114358216423646,0.915577022561663,0.9152719979329326,0.9252914397555493,0.9224345779678147,0.8962954652584504,0.8718584387403407
GSM3305006,0.9449233599896114,0.9407874655406562,0.9419855876141134,0.909120997263666,0.9130654766091848,0.91624084702848,0.8997314696989772,0.9357261477973882,0.9413483026164396,0.942290016377753,0.9406847665572937,0.9438503873097679,0.9403899893349443,0.934061308740147,0.932371832957863,0.9114966504048709,0.9367889166864922,0.9147354194087929,0.9433902328428772,0.9243317848251122,0.918611390386615,0.9450934016451452,0.9454583113173614,0.9452342088608501,0.8993799909829436,0.8995601615719876,1.0,0.9226855390623429,0.9245822569595298,0.9390423567457573,0.9180553904781957,0.8838032185649091,0.9354857097011247,0.9070081188716079,0.946644380294665,0.8604579689763735,0.9232817596269586,0.7792249644509622,0.8190782635794411,0.7387552128592438,0.8449437249173227,0.9386809322057096,0.9378789249380224,0.8976742886469457,0.9377671450830976,0.9369743963355407,0.9287407749947547,0.9286594958302481,0.9377417615030003,0.9346603589433665,0.9314139720388744,0.9284973669156966,0.9371764087809562,0.924460557745937,0.9061694925980937,0.9169664532532232,0.9271638159668855,0.9178112345501835,0.9168627079803681,0.9023399312692048,0.9431160101998051,0.9377702096299482,0.9247732999026615,0.9344385660065857,0.9270636620796221,0.8673783292996843,0.8840560337852662
GSM3305012,0.9193548342492398,0.922796467084295,0.9181577821311369,0.917235780613394,0.9183025092329232,0.9221027625457804,0.9127549891199583,0.9302945917641576,0.9314082750045132,0.9373984073445878,0.929720834337234,0.935474115499609,0.926952785674206,0.9215234833973986,0.9069219245241148,0.9247804997965322,0.9305162574596615,0.915432727281785,0.9353027730720287,0.9309039315758532,0.9123893156908677,0.9251244290530487,0.9246836561150507,0.9237792086479327,0.9346727767455754,0.9072297174899103,0.9226855390623429,1.0,0.8902428365408828,0.9327745228091867,0.9099112958712181,0.9203524120552052,0.9313566995993793,0.8967999708197962,0.9104736377777457,0.8629891793989658,0.9275857746664589,0.8168354322478308,0.835630804381337,0.7466270490013082,0.876683314919676,0.9305331666790595,0.9234694058508419,0.8880027838221585,0.9298181762993989,0.9265181883168173,0.9214948767047613,0.9257893205763452,0.9426440286385599,0.9145271788385919,0.9272345887809511,0.9386730632073671,0.9263798784789719,0.9313138109458367,0.8940196592152108,0.8947678424454473,0.9345091924247143,0.9289624150310756,0.9310222220108784,0.9143344171388008,0.9534380068540157,0.9348829680983728,0.9345526288772431,0.9196896990169776,0.9228327141175541,0.8742453900554908,0.9047073741233986
GSM3305060,0.9572259838187098,0.953798702197298,0.9576907471210224,0.9217406485704857,0.9250007055855685,0.9291120738642822,0.9070569617311172,0.9512502170210024,0.9499885273336713,0.9565920880087317,0.9565953697668891,0.959415078669931,0.9550482135184334,0.9538122709963566,0.9494610301007408,0.9086821961678994,0.9456733980137985,0.9204347766026016,0.9521186569405694,0.9248986761649762,0.9042025588959666,0.9284534428503437,0.9253705259406132,0.9145885988666411,0.8706810362887648,0.8766928932823235,0.9245822569595298,0.8902428365408828,1.0,0.9307719756739584,0.9008241830921024,0.8620462694901379,0.9131491063249239,0.8833167735511109,0.9409403732725843,0.8379002092342062,0.9039920635588776,0.6997344969326161,0.737840608563158,0.6570403267563164,0.7808947215072396,0.9277128110177291,0.9310524637075415,0.9156122031126959,0.934179807021733,0.9381425059001356,0.9351192911507831,0.9261903651423007,0.9319380472688469,0.9351788729719671,0.936061323042897,0.9286107349067442,0.9195910751282131,0.9103442953246564,0.9328797420245851,0.9228693910125301,0.888933976158882,0.9025160282986741,0.8972389627553914,0.8649725327640404,0.9216520942241891,0.9257907167406977,0.9211977795653837,0.9310133569702059,0.9002101448504286,0.7877839390807817,0.8713022510290094
GSM3305062,0.9442164149206179,0.9433879178456538,0.9477992449445779,0.9153218897488993,0.9191784418934517,0.9180178587795906,0.9083492577493849,0.9394051607360739,0.93802045285817,0.94389570805851,0.9494146488828671,0.9520496172671037,0.944759512014709,0.9336690726453933,0.9424200614573499,0.9123744526242854,0.9453507615722925,0.915029240582241,0.9500388306739015,0.9303807348485015,0.9354456400680216,0.9441511277383999,0.9376021893239054,0.9335230335349697,0.9186628803605287,0.9271363879180807,0.9390423567457573,0.9327745228091867,0.9307719756739584,1.0,0.9273003251286313,0.894112571989365,0.944391939021998,0.9168119019255566,0.9432801396526874,0.8332536098835658,0.9202502921510682,0.8054526995280294,0.7971842257280971,0.7431661787362842,0.8608404081498865,0.9490794597117159,0.9507380903344334,0.9282896178290079,0.9488829409211291,0.9527137351773514,0.9531154904093605,0.9434575249862808,0.9537595313644607,0.9417949566148915,0.9511340678936673,0.948478727448831,0.9508816338670608,0.9426338411643443,0.9226789599694077,0.9244735640638989,0.9250556426031968,0.9340813911175707,0.9338912147668256,0.9100653195429369,0.9494079651654,0.9448115104567802,0.9475456581100152,0.9478802669043495,0.9361093810582883,0.8737154807765309,0.9000680279617513
GSM3305064,0.9215006972864047,0.9236712174566911,0.9231970672996813,0.8778814828284847,0.8875551829904661,0.8828018033720775,0.8694402490953794,0.9125233927021974,0.9056537337981226,0.9168660043875059,0.9162736612639233,0.925619179994639,0.9188079837638694,0.9088925967255873,0.9134246424177882,0.8812748021882599,0.9171606927220722,0.8822360798149287,0.9178089361400456,0.8985405304463986,0.9286100274156487,0.9266807152275498,0.9303637730904492,0.9177723516391109,0.8892974544661234,0.9247183307931091,0.9180553904781957,0.9099112958712181,0.9008241830921024,0.9273003251286313,1.0,0.86361412108723,0.9316909622791085,0.9392720197299972,0.9147536576380386,0.7922976171545318,0.9116121023445397,0.7877861400500756,0.755861297013378,0.7225949295927316,0.8352908970236858,0.930441435143921,0.9280760631740861,0.9183892653823481,0.934952720574777,0.9238320804188234,0.9314902639516068,0.9250622197304187,0.9282287266330214,0.9305192461332964,0.9308805908466153,0.9322882286583536,0.9333882896499214,0.9118182295190734,0.9063720112477835,0.9044534902784087,0.8941345666909798,0.8989008297371264,0.8949068544901536,0.8843853921707346,0.923487046044982,0.9358869132689812,0.924702475024805,0.9388186401819347,0.9295830958538029,0.8798442145315587,0.8833192894320739
GSM3305069,0.8843987982794191,0.8893905207867725,0.8848886120507479,0.9091943965576694,0.9099936967567,0.9135010649565788,0.907273287721369,0.9082905328963232,0.906759128929103,0.9135762176004806,0.9026327419832524,0.9071237164893973,0.9009791876602207,0.9006654218914867,0.8680825644177115,0.9123745077470795,0.9084250525851572,0.8925683731011749,0.9075980231138633,0.9119853548513651,0.8805241158707611,0.8927892052128129,0.889121286350723,0.8933613141518019,0.9124344496637274,0.8464845400732233,0.8838032185649091,0.9203524120552052,0.8620462694901379,0.894112571989365,0.86361412108723,1.0,0.9082757729413364,0.8411811521561492,0.8847460882594419,0.8657512834637267,0.9033796554455983,0.7795197296912959,0.8232472644317657,0.6994578788582084,0.8520862052036191,0.8848128076348847,0.8782253103814307,0.8407391403384614,0.8875107641396446,0.8804923532421751,0.8834200353744783,0.8797262828723191,0.9072548531968884,0.8700140094543077,0.8847034540663663,0.9090844824682459,0.8782807734923752,0.8985963961972454,0.8547345112002704,0.8554465101012897,0.903004241924256,0.9046309625285505,0.9012763661061336,0.8899998354969733,0.9283018076140093,0.9033988082449886,0.9020718423580337,0.8781968669368558,0.8872132487947876,0.8172984127311124,0.8979968349527719
GSM3305076,0.926056547306941,0.9270570574379373,0.9289894663421144,0.9151936993031247,0.9188069159840516,0.9199519920449183,0.9111794882481884,0.9334074563031722,0.930979264645721,0.9380671769715174,0.9381581554065972,0.9403534888461614,0.9331372254934928,0.9301501187749733,0.9167104198456522,0.9170052497612626,0.9421733084909243,0.9021132566604299,0.9376936218497737,0.9258154440155455,0.9419396619557913,0.9390980647646863,0.933573187712908,0.9349799472042406,0.9254083284162091,0.926956124034964,0.9354857097011247,0.9313566995993793,0.9131491063249239,0.944391939021998,0.9316909622791085,0.9082757729413364,1.0,0.9222733128296,0.9367580808640632,0.8293997700698179,0.9214780719994619,0.8164673865121429,0.8076692093748364,0.7346448700919928,0.870533974736925,0.9371739454055176,0.9346263618897108,0.9135660530687881,0.9466069499241571,0.9305858113824693,0.9442111024647887,0.9284771814377208,0.9498722235775948,0.9277715618171004,0.9390303075755084,0.9498865494964851,0.9362424294991523,0.9305879135912408,0.902257194622242,0.9046549551512264,0.9236655020738329,0.9295545314902589,0.9237312538877002,0.9174420139861345,0.9528611449641161,0.9471608104188176,0.9418838218089108,0.939233427484957,0.9457982340638964,0.8851476501392642,0.9170336514675624
GSM3305078,0.9015385929679477,0.9037926812542646,0.9069195074809775,0.8583289240014186,0.8697978988200828,0.8625965010905279,0.8494707781121662,0.8940849174362893,0.8844637512351795,0.895265608818667,0.89689804192351,0.9080856106929268,0.9013950355483297,0.8923790438899861,0.9005643265325207,0.8579673801215983,0.8962765266113636,0.8598957775959893,0.9017877559318644,0.8759328151571928,0.9304063402725832,0.9193972234956792,0.9239514932981622,0.9095954372860668,0.8787915193427372,0.9273243860211886,0.9070081188716079,0.8967999708197962,0.8833167735511109,0.9168119019255566,0.9392720197299972,0.8411811521561492,0.9222733128296,1.0,0.9003664911061403,0.7563074944804652,0.8864501152666856,0.8022846261287142,0.7412495397219361,0.7294282845793417,0.8344098259612913,0.920383882007872,0.9212554114543079,0.9136530959859493,0.924223222284978,0.91579107129528,0.9269819160251047,0.9184532376680974,0.9211158790036016,0.9200823717209243,0.9218315349207377,0.9198299783337814,0.9292037094825565,0.9061872281900614,0.8933623304310386,0.9031629371188735,0.8850292192882664,0.8902700527123105,0.8831362520049607,0.8809520015765732,0.9147223309118724,0.9165017220593998,0.9127819454969894,0.9259613998978938,0.9137093225279901,0.8869480001238195,0.8599184150802929
GSM3305083,0.9529711497358644,0.9530564848127004,0.9473596995999837,0.9075596928553213,0.9194619926517356,0.9209855701816168,0.9074652276978332,0.9463435135744828,0.9474545645537159,0.9523352067294756,0.9506149128879627,0.9498752969701548,0.9466532599235796,0.9453167391300155,0.9461720219570022,0.9169444440406695,0.9486292873793165,0.9193476724383013,0.946472889610346,0.9274613195285066,0.9097453979501152,0.9480316891479302,0.9392477658883346,0.9407292324527117,0.895688170600149,0.8953616458509707,0.946644380294665,0.9104736377777457,0.9409403732725843,0.9432801396526874,0.9147536576380386,0.8847460882594419,0.9367580808640632,0.9003664911061403,1.0,0.8555599778301947,0.9287153887476928,0.7599499977257504,0.8109758556917853,0.7216611640877578,0.8379364506077573,0.9365882492140616,0.9299878917293695,0.9060360340189046,0.9373191041801273,0.9388223159220217,0.9354144892069252,0.935508616079531,0.9386996150947376,0.9378210521774518,0.9404887859524722,0.9374221878800635,0.9326144225989857,0.9179459124016254,0.9092497798971017,0.9100986396237464,0.9094554216950861,0.9049715745557257,0.9066317735249141,0.8795722902157995,0.9351297497277677,0.9472675425707662,0.9372446295581883,0.9477321739825589,0.931962279377231,0.8630391306280614,0.8936542367292858
GSM3305085,0.8504050534933224,0.853516694298578,0.8331625890089591,0.8465551117274661,0.8462418426657405,0.8640629026830748,0.8474540947162398,0.8595422388070193,0.8754485276958268,0.8779567344040805,0.8549065273705222,0.8508102200825172,0.842063088375297,0.8537027691004223,0.8191743301637026,0.8703164441178793,0.8546908715559456,0.8738587347750674,0.8474585525175249,0.860454078818943,0.7882248002329197,0.8475113049928164,0.8444902239975146,0.8619453616469576,0.8345294189629046,0.7668774506900868,0.8604579689763735,0.8629891793989658,0.8379002092342062,0.8332536098835658,0.7922976171545318,0.8657512834637267,0.8293997700698179,0.7563074944804652,0.8555599778301947,1.0,0.8644689275103752,0.7079038547363237,0.854683788047756,0.6981180840589064,0.8004388709580966,0.8206145757778701,0.8126902808910718,0.750818383497208,0.8150776413396036,0.8175898457452594,0.7935637727931273,0.8077853321969536,0.8266991676543767,0.810984348787498,0.8154934409076112,0.8283628260192469,0.8107244657570485,0.8252390528874489,0.8072915920571072,0.7987201539222474,0.8615877365930589,0.8260012976757611,0.8376386252379059,0.8262214237705886,0.8652311356789968,0.8504670426174245,0.8255320993545584,0.8151841847830866,0.8320295573862734,0.7436001063045143,0.8444689681445379
GSM3305086,0.9324735315588657,0.9393199361201711,0.9251134542057922,0.9094299293326422,0.9207844764641605,0.9208725772166186,0.9095590625863627,0.9405279128770194,0.9383934834989242,0.9442474120971779,0.9327029577464487,0.9373707177013232,0.9356905494991741,0.9350880346546897,0.9209639835477021,0.9250780619761623,0.9385530239667749,0.9140286635341716,0.9344611097219533,0.9255832862762378,0.8949579996967489,0.9302855263532607,0.9281477789617475,0.9268929940904431,0.905552808539607,0.8807361256407719,0.9232817596269586,0.9275857746664589,0.9039920635588776,0.9202502921510682,0.9116121023445397,0.9033796554455983,0.9214780719994619,0.8864501152666856,0.9287153887476928,0.8644689275103752,1.0,0.7753201932847527,0.8264191456494244,0.7135920536696881,0.8544395771184263,0.9218466179152863,0.9086597514504859,0.8791204874016191,0.9236932329805093,0.9185085166314727,0.9114104678185269,0.9307614399924263,0.925118577224296,0.9209305443921603,0.9249775888206351,0.9282994577861152,0.9069549325093049,0.8992111001641312,0.8926170156125461,0.8917345225333578,0.9099558564521687,0.898298526438719,0.8959135824922011,0.875594227417035,0.9352830256444009,0.948015843903922,0.9229335803384142,0.9303037670451695,0.9237969650455389,0.8617548842107955,0.8908282435019393
CA.1,0.7153418110394407,0.7245739740372079,0.7162102165314188,0.7284040823147463,0.7292981436215322,0.7333352096039888,0.7345576122274081,0.7422472892241133,0.7439895354712776,0.7467763516594338,0.7342501381875329,0.7461124986566456,0.7311375288654537,0.7196252178125029,0.7136628307188718,0.7435618530732164,0.7380353596530359,0.7292722165162185,0.7450451160399235,0.744053980974867,0.7911003693982722,0.766169545005774,0.7711531390351233,0.7777959738865263,0.8108887345491784,0.8328304111447528,0.7792249644509622,0.8168354322478308,0.6997344969326161,0.8054526995280294,0.7877861400500756,0.7795197296912959,0.8164673865121429,0.8022846261287142,0.7599499977257504,0.7079038547363237,0.7753201932847527,1.0,0.8179200365219137,0.840336696024592,0.9099866484215244,0.7870047633839665,0.783638437153433,0.7229552831780035,0.7739375924581215,0.7733796819482711,0.7581282480212045,0.7748571622892684,0.7894334873300435,0.7551730964662513,0.7719105784387822,0.7845295003445346,0.8095821890318813,0.7887201989653502,0.7072076819853907,0.7287048151179573,0.8141146433549923,0.795982231519928,0.7945336363181533,0.8096159573173828,0.8117642776395886,0.7783865714568033,0.7707391942997178,0.7572469390026033,0.7950604436244086,0.8752703025223199,0.7629682571551245
CA.2,0.762497298195424,0.7676725213590365,0.7408144651048476,0.7753337468716207,0.7751775159524735,0.793487082834519,0.7893820339206036,0.7866618631893441,0.8112438662229041,0.8005801489731518,0.773393523915202,0.7745392947783751,0.7632253247818258,0.7672169363746523,0.738641864707543,0.817078567749835,0.781400630825229,0.8112943085103435,0.777470346032639,0.7976485776055363,0.7352106488216308,0.799076899766752,0.7948392176523175,0.8274477755890939,0.8176546726469012,0.7560042442447031,0.8190782635794411,0.835630804381337,0.737840608563158,0.7971842257280971,0.755861297013378,0.8232472644317657,0.8076692093748364,0.7412495397219361,0.8109758556917853,0.854683788047756,0.8264191456494244,0.8179200365219137,1.0,0.8004656601611605,0.8927446536156133,0.7714741884558832,0.751897884835087,0.6670745049232751,0.7525642742097416,0.7724223243512471,0.7267944050124713,0.7658964074474217,0.7840166634778186,0.742607878810922,0.7602404450175617,0.778539787027146,0.7798722959878425,0.7954344740235741,0.7108563152354523,0.7127945956310358,0.8521817917839125,0.7948927892171009,0.8164200621771102,0.805421657294673,0.8314791469667221,0.8025852464114104,0.7864495701081602,0.7531650662777936,0.7973395719051407,0.8258436288484646,0.815056713782815
CA.3,0.677590054636961,0.6842947122557055,0.6676308417968985,0.6160000019169458,0.6236224519314306,0.6295511162822632,0.6255273194490817,0.6593540592641675,0.6809635948526576,0.6760629937473663,0.6518947353882005,0.6723411077593666,0.6526183932046639,0.6379107267461434,0.6658388718850695,0.6495729243513382,0.6589577038186609,0.6730999172816784,0.662344318053469,0.6547172731788997,0.6929977855167814,0.710137005040946,0.7142327188381767,0.7269139204567605,0.7210895191233399,0.7678948321508074,0.7387552128592438,0.7466270490013082,0.6570403267563164,0.7431661787362842,0.7225949295927316,0.6994578788582084,0.7346448700919928,0.7294282845793417,0.7216611640877578,0.6981180840589064,0.7135920536696881,0.840336696024592,0.8004656601611605,1.0,0.8442557589581862,0.7355460181978813,0.7401412616627511,0.6538019505306009,0.7123396827438663,0.7142348761476556,0.6864197103793853,0.7092483733652687,0.7143131816740246,0.7106838127278813,0.7217519618207883,0.6895373781661684,0.745637191533865,0.7089856781833322,0.6542685455352557,0.658905438056162,0.7283140576149897,0.6868422455574794,0.7022444605798511,0.717466713135823,0.7228862039804508,0.7170010625624837,0.6895344561003934,0.7055796844074312,0.735513290370993,0.8340536107157824,0.6991681365782646
CA.4,0.7949795229099094,0.8030061307106883,0.7907993706384852,0.8090357054501893,0.8124377840279035,0.8195966907853617,0.8162029957645455,0.824858838652783,0.833315907928329,0.831191621243736,0.8145014009850211,0.8240545999693342,0.8111504545662049,0.8046844543560561,0.7872306910824706,0.8260990303841592,0.8209204850769225,0.8091106718372454,0.8215412869014438,0.8208539317435053,0.8320585401816851,0.8329629424594865,0.8331226880958897,0.8459479086018261,0.8700419889077468,0.8564595202244969,0.8449437249173227,0.876683314919676,0.7808947215072396,0.8608404081498865,0.8352908970236858,0.8520862052036191,0.870533974736925,0.8344098259612913,0.8379364506077573,0.8004388709580966,0.8544395771184263,0.9099866484215244,0.8927446536156133,0.8442557589581862,1.0,0.8440488751386841,0.8359981263370141,0.7711947056416394,0.8326953877695243,0.8363608457574905,0.8175266407557726,0.8367160575782016,0.8524157896184952,0.8150705754068777,0.8358232416832364,0.8468683117849287,0.8523510191924557,0.8449807926358353,0.7766751720146623,0.7876570267571787,0.8761725583848897,0.8560531988947627,0.8565478692973292,0.8554981784029364,0.878081358930188,0.8497183083525053,0.8391696636984294,0.8205105313024863,0.851070203629379,0.8983898233248561,0.8377587162551625
CL.1,0.9548976560947843,0.9538181437632677,0.958911497004824,0.9128054174486254,0.91975720301015,0.918103947839952,0.9036330117782038,0.9475712139605775,0.9405551253268442,0.9534475394033984,0.9493392368973453,0.9587606267456524,0.95124390609331,0.9399432929466606,0.946269460040333,0.9141062867758514,0.9479465534695055,0.9077899539354051,0.9529532606470967,0.9314393479604206,0.9137266790520486,0.919667186322331,0.9198640014662667,0.9077606717386847,0.919404442759555,0.9218904904690148,0.9386809322057096,0.9305331666790595,0.9277128110177291,0.9490794597117159,0.930441435143921,0.8848128076348847,0.9371739454055176,0.920383882007872,0.9365882492140616,0.8206145757778701,0.9218466179152863,0.7870047633839665,0.7714741884558832,0.7355460181978813,0.8440488751386841,1.0,0.9724773188913857,0.9421770523241993,0.9669507603597168,0.9525467682285341,0.9536578168555375,0.9637764315861932,0.9595656120356804,0.9614557087924437,0.9632564170779214,0.9499743216159335,0.9461956700442696,0.9136920569844261,0.9092902739199504,0.910331569137388,0.9039458443246047,0.9111338867779346,0.911050014357356,0.8768477293347098,0.9448756411039173,0.9492239968957918,0.940654934910609,0.9654067007942093,0.9463720176359096,0.8811828358111344,0.880114720452737
CL.2,0.9493771513192026,0.9433330246369254,0.957342613662308,0.9074540661851277,0.9079933004816445,0.908719215792699,0.8903535987140676,0.9347093554929339,0.9316314508702124,0.9408569703868944,0.9458481027275166,0.9546609064770918,0.9459812826558187,0.9316481114545012,0.9437247224630888,0.8921726809734339,0.9371752394356095,0.8945937097156135,0.9486943018409172,0.9169156102087697,0.9307636197530001,0.9250614936478729,0.9258989254800676,0.9132922485152405,0.9094935560835614,0.9252243806043744,0.9378789249380224,0.9234694058508419,0.9310524637075415,0.9507380903344334,0.9280760631740861,0.8782253103814307,0.9346263618897108,0.9212554114543079,0.9299878917293695,0.8126902808910718,0.9086597514504859,0.783638437153433,0.751897884835087,0.7401412616627511,0.8359981263370141,0.9724773188913857,1.0,0.9509018312773573,0.963678500418067,0.9571373810142704,0.9614125586659178,0.9532521472756782,0.9579272376842215,0.9623628875462463,0.9579956226261127,0.9376649859475219,0.9528602947489916,0.9238267424970694,0.9278979910887756,0.9332962345230544,0.9046206359359539,0.9211788375776889,0.9133381415570802,0.8912287336208224,0.938448929233185,0.9333066610522882,0.9331186917225831,0.9521562491124632,0.9332258003472577,0.8693534302529559,0.8657571878973936
CL.3,0.9332915791289429,0.9269417893366243,0.9428092054024433,0.890240412623271,0.8956869497486997,0.8889398614599756,0.8756593844094064,0.9163363906888616,0.9017585044853034,0.9158382078660523,0.9352313411642721,0.9385876716273205,0.9313608752214328,0.9188803282926223,0.9367805077851464,0.8696824739697087,0.9261480148843465,0.8727932178686298,0.9322508412132791,0.899140456402449,0.924745617752298,0.909242363658826,0.9011009971249233,0.8767828168693279,0.8825844864470371,0.9150425386871337,0.8976742886469457,0.8880027838221585,0.9156122031126959,0.9282896178290079,0.9183892653823481,0.8407391403384614,0.9135660530687881,0.9136530959859493,0.9060360340189046,0.750818383497208,0.8791204874016191,0.7229552831780035,0.6670745049232751,0.6538019505306009,0.7711947056416394,0.9421770523241993,0.9509018312773573,1.0,0.9438270328426245,0.939096258936872,0.9625219041404907,0.9367505866709036,0.9410369891135517,0.9460566280666106,0.9463825139921348,0.9402247080072672,0.9320207529447837,0.91391469827553,0.9402110381617165,0.9237463973334508,0.8528580307288953,0.9025978353676034,0.8997312190429382,0.8519301349760029,0.9040974145157108,0.9172351368202402,0.9434133832789313,0.95410872722489,0.9206549204054127,0.8264248608003727,0.8629867037930364
CL.4,0.9558773116709413,0.9535463931480852,0.9623753426141806,0.9200196661551059,0.9292823875667902,0.9236422509612382,0.9082834272849037,0.9507227418471285,0.9456858199848653,0.9515471712375709,0.9539007463110442,0.9629264488685899,0.960379370226336,0.9515154956801398,0.9486809895177339,0.9136975915768883,0.9552034780962934,0.9043392130677111,0.961225326760261,0.9307407369576304,0.9355235896843497,0.9336647514114794,0.9340423518549967,0.9195312104651976,0.9186328195702167,0.9280951949414497,0.9377671450830976,0.9298181762993989,0.934179807021733,0.9488829409211291,0.934952720574777,0.8875107641396446,0.9466069499241571,0.924223222284978,0.9373191041801273,0.8150776413396036,0.9236932329805093,0.7739375924581215,0.7525642742097416,0.7123396827438663,0.8326953877695243,0.9669507603597168,0.963678500418067,0.9438270328426245,1.0,0.9596234834765727,0.9691871808822141,0.9679682265504058,0.973177504077048,0.9654457421108432,0.9643744566202932,0.9553717319412098,0.9356964934514065,0.9191236384173214,0.9224600144013011,0.9256299016017168,0.9014454393663204,0.9218041323544226,0.908710830386043,0.8828279877980814,0.9407349046450966,0.9552740597392304,0.9460176692381487,0.9639085023277023,0.9325770042822752,0.8673315498647629,0.8744858211061082
CL.5,0.9534021739402031,0.9456079259882814,0.9554937393466039,0.9193947295964696,0.9214901015788389,0.9211367989736208,0.9088554265636011,0.9466980709617893,0.9486093817669942,0.9444399070397512,0.9587460479951866,0.9592990363426643,0.9595131204204671,0.9437163440468623,0.957046947545562,0.9070040332637576,0.9457884537131761,0.9162182662075153,0.9612578341677546,0.9262756177254431,0.9301416364299449,0.9398297144255225,0.9370401951222227,0.9255063288039433,0.9157357250945749,0.9164726327455246,0.9369743963355407,0.9265181883168173,0.9381425059001356,0.9527137351773514,0.9238320804188234,0.8804923532421751,0.9305858113824693,0.91579107129528,0.9388223159220217,0.8175898457452594,0.9185085166314727,0.7733796819482711,0.7724223243512471,0.7142348761476556,0.8363608457574905,0.9525467682285341,0.9571373810142704,0.939096258936872,0.9596234834765727,1.0,0.9644320331710783,0.9625509461944245,0.9650670094441415,0.9573055857936607,0.9653060866815865,0.9470633608945944,0.9574982678986329,0.945750922213351,0.9403119972073078,0.9462315050231854,0.9167321679386093,0.9341523785532816,0.927578596334695,0.8860141432739211,0.9349355562212686,0.9416517380323224,0.9513159642021917,0.9525305452859899,0.9176828753457236,0.8712282784590517,0.8693550436175717
CL.6,0.9509799352905168,0.9505115775270443,0.9642238541674559,0.9253449359771968,0.9325649565034863,0.9252874713892382,0.9144687454245962,0.9479316890390718,0.9357183173678844,0.9448477775778611,0.9597340941352359,0.9617339392430889,0.9613192986893904,0.9514345830769683,0.956870317680822,0.9049001758773566,0.9559293751692842,0.8991367923848594,0.9614163277387293,0.9298909290946321,0.9475865870358622,0.940373794006253,0.9341568457800509,0.9192544504618808,0.9165917905238831,0.9249981111423383,0.9287407749947547,0.9214948767047613,0.9351192911507831,0.9531154904093605,0.9314902639516068,0.8834200353744783,0.9442111024647887,0.9269819160251047,0.9354144892069252,0.7935637727931273,0.9114104678185269,0.7581282480212045,0.7267944050124713,0.6864197103793853,0.8175266407557726,0.9536578168555375,0.9614125586659178,0.9625219041404907,0.9691871808822141,0.9644320331710783,1.0,0.9603226518529182,0.970770318085876,0.9590547245932308,0.9707252847895568,0.9607745149360858,0.9462583131710863,0.9382730218674294,0.9389186270222293,0.9412113806880557,0.8983178558430824,0.929966443004591,0.9158626275123087,0.888699381045662,0.9423036613647624,0.9448063842909267,0.9562010429539514,0.9615426217074949,0.9227342074040689,0.8522704601912686,0.8796013965640151
CL.7,0.9520881974859547,0.9584082297544362,0.9573019649168495,0.9169551771272915,0.9306391144120585,0.9241505005988124,0.9117988111109719,0.9555899457781062,0.943765500288539,0.9535204537460208,0.9531309785727345,0.9607167136424414,0.9599068700536325,0.9514326415707711,0.9544232966169289,0.9211343141630738,0.9535090122075335,0.9097032191730279,0.9611391936480463,0.9339642409728844,0.9126618103616195,0.9298818633027401,0.9282421594941787,0.9098473748983132,0.9127821505771953,0.9152937226802847,0.9286594958302481,0.9257893205763452,0.9261903651423007,0.9434575249862808,0.9250622197304187,0.8797262828723191,0.9284771814377208,0.9184532376680974,0.935508616079531,0.8077853321969536,0.9307614399924263,0.7748571622892684,0.7658964074474217,0.7092483733652687,0.8367160575782016,0.9637764315861932,0.9532521472756782,0.9367505866709036,0.9679682265504058,0.9625509461944245,0.9603226518529182,1.0,0.9681584534078321,0.9622050715720661,0.9680096038852466,0.947637702651848,0.9305825119549801,0.9109153781834509,0.9139680529326984,0.9162938204918978,0.8953102538148511,0.907027156726472,0.898803883678431,0.8583136064740963,0.9400636732440115,0.9517756458653672,0.9499069004532764,0.9646618876411817,0.919209221328625,0.8731405217190782,0.8591802398811624
CL.8,0.9511659350418735,0.9502076119980724,0.9580425371651637,0.9383633449856381,0.9425071797286902,0.9405880958861805,0.9286171372456212,0.9547300355076823,0.9506936895339387,0.955638711748413,0.9583450202758349,0.9674556274079865,0.9626891949902496,0.9535981823742226,0.9448639464191194,0.9329037084690414,0.9599272870164222,0.923988989232935,0.968541475111612,0.9476188422522935,0.9343314507393468,0.9379897488710441,0.9348407529224616,0.9215832855717173,0.9362792489359423,0.9242960398493563,0.9377417615030003,0.9426440286385599,0.9319380472688469,0.9537595313644607,0.9282287266330214,0.9072548531968884,0.9498722235775948,0.9211158790036016,0.9386996150947376,0.8266991676543767,0.925118577224296,0.7894334873300435,0.7840166634778186,0.7143131816740246,0.8524157896184952,0.9595656120356804,0.9579272376842215,0.9410369891135517,0.973177504077048,0.9650670094441415,0.970770318085876,0.9681584534078321,1.0,0.9528277138591636,0.965186417017159,0.9631295483037001,0.940865076938362,0.9474823306996664,0.9218922723548844,0.9202100111761897,0.9160418209099912,0.9411862380624298,0.9369140881612493,0.8977432360533685,0.9572014085553338,0.9493019149392323,0.9675525443067625,0.9548969484656471,0.9264587323785803,0.8686992339431726,0.9005737937385051
CL.9,0.9580946154560505,0.9557019046620155,0.9617789687846751,0.903723447781357,0.9145246211420506,0.9105869350749004,0.8925259824301456,0.9452047752600414,0.9401895399407217,0.945262129271112,0.9499115140704613,0.9571766228888655,0.9569425535984001,0.9454664057211631,0.9553386351013665,0.8950011231867568,0.9435834985437977,0.8974369678404889,0.9501627552956828,0.9163517463708976,0.9227941203816641,0.9368961275669039,0.9373564107107049,0.9210480330039439,0.8961434933219519,0.9163728199757584,0.9346603589433665,0.9145271788385919,0.9351788729719671,0.9417949566148915,0.9305192461332964,0.8700140094543077,0.9277715618171004,0.9200823717209243,0.9378210521774518,0.810984348787498,0.9209305443921603,0.7551730964662513,0.742607878810922,0.7106838127278813,0.8150705754068777,0.9614557087924437,0.9623628875462463,0.9460566280666106,0.9654457421108432,0.9573055857936607,0.9590547245932308,0.9622050715720661,0.9528277138591636,1.0,0.9608105281985612,0.9382966982256281,0.9426299266729307,0.9064925926386974,0.929940139531463,0.9382327644976741,0.8883990358468563,0.9016419426631117,0.8896571426409182,0.8635064872913576,0.9255210229682769,0.9474668082909181,0.9317241953163713,0.9646733739935123,0.9308173277084615,0.8655414605385875,0.8520061920743567
CL.10,0.9550821284869987,0.9592827625842257,0.9595089591326591,0.917043301529046,0.9271973279035101,0.9224335692090874,0.9142357079623795,0.9540010729215492,0.9448245891085699,0.9526468367563591,0.9567586312469684,0.9626084689586587,0.9594980442396546,0.9477799477480938,0.9609172230903059,0.9127461724546039,0.956979619787411,0.9123032633827168,0.956847381733893,0.9311112138332696,0.9245693331242182,0.938180449686214,0.9316543450899096,0.9203320989936092,0.9158368557811614,0.9232849817621638,0.9314139720388744,0.9272345887809511,0.936061323042897,0.9511340678936673,0.9308805908466153,0.8847034540663663,0.9390303075755084,0.9218315349207377,0.9404887859524722,0.8154934409076112,0.9249775888206351,0.7719105784387822,0.7602404450175617,0.7217519618207883,0.8358232416832364,0.9632564170779214,0.9579956226261127,0.9463825139921348,0.9643744566202932,0.9653060866815865,0.9707252847895568,0.9680096038852466,0.965186417017159,0.9608105281985612,1.0,0.9579360214846185,0.9445513666656424,0.9260957172783983,0.9356212873080805,0.9244277917864216,0.8974353611405242,0.9110276319629893,0.904219350167052,0.8706640486340979,0.9419602332767606,0.9521033742163095,0.9528887960992805,0.9657261888589278,0.9259247964410788,0.871327979111385,0.8864115154459193
HP.1,0.9444703976752151,0.9474183487620444,0.950279509879243,0.940207239227734,0.947702012007713,0.9432686466025757,0.9381038351922181,0.9577279763537943,0.9475702719035783,0.9591043483212582,0.9607187602369904,0.9643270397973509,0.9594356713376622,0.953026326090116,0.9428879690393737,0.9359571485985332,0.9614472914816001,0.9204329413884796,0.9608953500972585,0.9480519168666528,0.9353101041109942,0.935372801101665,0.92904125745114,0.9185778894270629,0.9350658762025409,0.9199763703283729,0.9284973669156966,0.9386730632073671,0.9286107349067442,0.948478727448831,0.9322882286583536,0.9090844824682459,0.9498865494964851,0.9198299783337814,0.9374221878800635,0.8283628260192469,0.9282994577861152,0.7845295003445346,0.778539787027146,0.6895373781661684,0.8468683117849287,0.9499743216159335,0.9376649859475219,0.9402247080072672,0.9553717319412098,0.9470633608945944,0.9607745149360858,0.947637702651848,0.9631295483037001,0.9382966982256281,0.9579360214846185,1.0,0.9372972011547371,0.9477438389884008,0.9263308253433689,0.914940835089023,0.9187367797518436,0.9418366839847203,0.9381975033082275,0.901602591691435,0.9608976674301467,0.9566808624541663,0.9656000173110244,0.9542721101153666,0.9346195820786862,0.8550551168226278,0.9164316703031636
HP.2,0.9328640837165874,0.9225340302059054,0.932697560908516,0.8969386151160093,0.8937455131410843,0.8983311579787915,0.8852918549797707,0.9237009534018565,0.9299848430352226,0.9252609812837912,0.9367286159554069,0.9378542078948222,0.9324898927639326,0.9162421393523771,0.9314708863265322,0.8861359619266763,0.9220960952607921,0.8995951307260284,0.9354823614179325,0.9044811850016063,0.9437188092665375,0.9443023918083296,0.9422324344985601,0.936870086544094,0.9126299542401807,0.9296398436466584,0.9371764087809562,0.9263798784789719,0.9195910751282131,0.9508816338670608,0.9333882896499214,0.8782807734923752,0.9362424294991523,0.9292037094825565,0.9326144225989857,0.8107244657570485,0.9069549325093049,0.8095821890318813,0.7798722959878425,0.745637191533865,0.8523510191924557,0.9461956700442696,0.9528602947489916,0.9320207529447837,0.9356964934514065,0.9574982678986329,0.9462583131710863,0.9305825119549801,0.940865076938362,0.9426299266729307,0.9445513666656424,0.9372972011547371,1.0,0.9450805446882552,0.9325562629436805,0.9419384936043446,0.9313501377506079,0.9325015336180063,0.9297643098776381,0.9159147077744303,0.9339113210917158,0.9259723088274988,0.9317149145770559,0.9382838406779197,0.9413226260732966,0.9036061808092564,0.8825140044591324
HP.3,0.9201050880987952,0.9135050384304312,0.9259391867757275,0.9190771759370856,0.9126497249637184,0.9156424931405035,0.9087636046222212,0.9190593845376371,0.9241432872817712,0.9227105302286637,0.9341626050877642,0.9372356089500913,0.9292565095987844,0.9149781152646875,0.9181499321273263,0.907769602923397,0.9257588699287882,0.9189805522111787,0.942589960548983,0.9282434535353141,0.9356617955381764,0.9334465883959991,0.930084282706001,0.922289128068874,0.9212211291568959,0.9073083645147714,0.924460557745937,0.9313138109458367,0.9103442953246564,0.9426338411643443,0.9118182295190734,0.8985963961972454,0.9305879135912408,0.9061872281900614,0.9179459124016254,0.8252390528874489,0.8992111001641312,0.7887201989653502,0.7954344740235741,0.7089856781833322,0.8449807926358353,0.9136920569844261,0.9238267424970694,0.91391469827553,0.9191236384173214,0.945750922213351,0.9382730218674294,0.9109153781834509,0.9474823306996664,0.9064925926386974,0.9260957172783983,0.9477438389884008,0.9450805446882552,1.0,0.9240351555530804,0.9173681087087233,0.9340962355650945,0.9628805362082702,0.9685090568679848,0.9319021877847763,0.9419009435020258,0.9149988870331848,0.9541220951346875,0.9122089068032738,0.9048321470221997,0.8457329017818128,0.9183641663778858
HP.4,0.9324412085805462,0.9265674561071955,0.9354456782337787,0.9023303298922524,0.9015236269775068,0.9038930625458305,0.8879708896453959,0.9254099313614407,0.924497585355066,0.925691949371436,0.9407903637307463,0.9362522752319224,0.9327567006651006,0.9250154940930915,0.9346302558791777,0.8786933242555297,0.9233801907764413,0.8996579721358797,0.9301011381443698,0.8999415692706384,0.9161650861785634,0.9232833868896082,0.9176822607511409,0.9054124907533545,0.8744656268928563,0.8906604739347606,0.9061694925980937,0.8940196592152108,0.9328797420245851,0.9226789599694077,0.9063720112477835,0.8547345112002704,0.902257194622242,0.8933623304310386,0.9092497798971017,0.8072915920571072,0.8926170156125461,0.7072076819853907,0.7108563152354523,0.6542685455352557,0.7766751720146623,0.9092902739199504,0.9278979910887756,0.9402110381617165,0.9224600144013011,0.9403119972073078,0.9389186270222293,0.9139680529326984,0.9218922723548844,0.929940139531463,0.9356212873080805,0.9263308253433689,0.9325562629436805,0.9240351555530804,1.0,0.9458366061877118,0.8840130144614919,0.911013570581607,0.9035233747218189,0.8711908074214719,0.9054622358807359,0.9137108705381642,0.9269961886323074,0.9230116278041898,0.8943363154160939,0.8013672742183766,0.8735962972119912
HP.5,0.9294317759874359,0.9195826544436315,0.939300762255624,0.904939319725811,0.9041006499305233,0.903166432620731,0.8827283407445623,0.9268740068140418,0.9242685038630197,0.9197062659096337,0.9416496580427359,0.9384809275706595,0.9419195469839717,0.9320501982460031,0.9353205375533542,0.8647449215150209,0.9207232716761832,0.8735265070667799,0.9353471624150659,0.8881471137228838,0.945905151257924,0.937806468943393,0.9398536006677767,0.9292123155902121,0.877152788015556,0.8915550528480616,0.9169664532532232,0.8947678424454473,0.9228693910125301,0.9244735640638989,0.9044534902784087,0.8554465101012897,0.9046549551512264,0.9031629371188735,0.9100986396237464,0.7987201539222474,0.8917345225333578,0.7287048151179573,0.7127945956310358,0.658905438056162,0.7876570267571787,0.910331569137388,0.9332962345230544,0.9237463973334508,0.9256299016017168,0.9462315050231854,0.9412113806880557,0.9162938204918978,0.9202100111761897,0.9382327644976741,0.9244277917864216,0.914940835089023,0.9419384936043446,0.9173681087087233,0.9458366061877118,1.0,0.9185693016734258,0.9264089147020261,0.8928634119566359,0.9035254397587332,0.9169180116421565,0.9076183380914774,0.9009897515022507,0.9181314090960575,0.8833123848093055,0.8142588937989403,0.8207598357204487
HP.6,0.9034122483063988,0.898296145672929,0.9037450290371687,0.9193392459946217,0.9097409865473916,0.9219951976216509,0.9092706236184318,0.9219574801300201,0.9339511998960335,0.9252028409543178,0.9280094947609984,0.9246651282688889,0.9199248162755225,0.9132211248986752,0.8936017070587488,0.9095848186635861,0.9160374350339305,0.903705872538577,0.9301927686440594,0.9135298649572295,0.9229842727242044,0.9289565290894688,0.9339039004195422,0.9430245377357249,0.9197432430562549,0.8856831624351742,0.9271638159668855,0.9345091924247143,0.888933976158882,0.9250556426031968,0.8941345666909798,0.903004241924256,0.9236655020738329,0.8850292192882664,0.9094554216950861,0.8615877365930589,0.9099558564521687,0.8141146433549923,0.8521817917839125,0.7283140576149897,0.8761725583848897,0.9039458443246047,0.9046206359359539,0.8528580307288953,0.9014454393663204,0.9167321679386093,0.8983178558430824,0.8953102538148511,0.9160418209099912,0.8883990358468563,0.8974353611405242,0.9187367797518436,0.9313501377506079,0.9340962355650945,0.8840130144614919,0.9185693016734258,1.0,0.9533673054682246,0.9396055254003279,0.9602983503813628,0.9524086063216489,0.9058061254751238,0.9037844139836578,0.8847938887111897,0.8936321523061163,0.8529293070416188,0.870410766440905
HP.7,0.9094404025751724,0.89966777362906,0.9176172462729753,0.934591957795385,0.9248075882186898,0.9298893700632122,0.9188040746671238,0.9253990108805099,0.9298047927191128,0.9248656464409861,0.9375260354141774,0.9403346529407184,0.9335426999542321,0.920767734297253,0.9058168296999963,0.907483349077578,0.9264201434741482,0.8995678425189428,0.9442350434764503,0.9220249454328772,0.9394658125678289,0.9205150449432778,0.9209626122142828,0.9162880059785655,0.9258759627254489,0.8959694333732008,0.9178112345501835,0.9289624150310756,0.9025160282986741,0.9340813911175707,0.8989008297371264,0.9046309625285505,0.9295545314902589,0.8902700527123105,0.9049715745557257,0.8260012976757611,0.898298526438719,0.795982231519928,0.7948927892171009,0.6868422455574794,0.8560531988947627,0.9111338867779346,0.9211788375776889,0.9025978353676034,0.9218041323544226,0.9341523785532816,0.929966443004591,0.907027156726472,0.9411862380624298,0.9016419426631117,0.9110276319629893,0.9418366839847203,0.9325015336180063,0.9628805362082702,0.911013570581607,0.9264089147020261,0.9533673054682246,1.0,0.9777716239435759,0.9509466015767134,0.9487583393485881,0.9079279996940408,0.932308336418877,0.899433034731651,0.8968837612767612,0.8313436269838752,0.8870999351038059
HP.8,0.9100393773910828,0.8989875580573534,0.909575569055425,0.921522875517162,0.9113075210669568,0.9192692719447946,0.912042145304614,0.9130721477482961,0.9222254140535415,0.9217590432837527,0.9283452951916458,0.932402209620614,0.9193501272385922,0.9048481758229588,0.9003041934313287,0.9155749948180825,0.9213762570403864,0.9195032961287686,0.9359175101965203,0.9306326025619749,0.9128386318171346,0.9146451224356739,0.9089609547107039,0.9052977834048567,0.9246724793349379,0.8931749841771955,0.9168627079803681,0.9310222220108784,0.8972389627553914,0.9338912147668256,0.8949068544901536,0.9012763661061336,0.9237312538877002,0.8831362520049607,0.9066317735249141,0.8376386252379059,0.8959135824922011,0.7945336363181533,0.8164200621771102,0.7022444605798511,0.8565478692973292,0.911050014357356,0.9133381415570802,0.8997312190429382,0.908710830386043,0.927578596334695,0.9158626275123087,0.898803883678431,0.9369140881612493,0.8896571426409182,0.904219350167052,0.9381975033082275,0.9297643098776381,0.9685090568679848,0.9035233747218189,0.8928634119566359,0.9396055254003279,0.9777716239435759,1.0,0.9355696890211618,0.9433067238528489,0.9069170792067711,0.9449023883478395,0.9001362569828312,0.9099431089567902,0.8363066392121326,0.9179628730387794
HP.9,0.8729137082238324,0.8646295375470635,0.8791445653671685,0.8940692851077313,0.8810787823409564,0.8899787788491496,0.8776537044165414,0.8849875114982662,0.8926711738543678,0.8899855686654334,0.8971643665739701,0.8972719544847961,0.8896295395884236,0.8789275045038784,0.862594884401869,0.8738408565418957,0.887832946280539,0.8671106181422659,0.9003239024336812,0.885586858474481,0.9364191494057035,0.9100852645799562,0.9156070201620266,0.9233443366152569,0.904667609485052,0.8866091422637492,0.9023399312692048,0.9143344171388008,0.8649725327640404,0.9100653195429369,0.8843853921707346,0.8899998354969733,0.9174420139861345,0.8809520015765732,0.8795722902157995,0.8262214237705886,0.875594227417035,0.8096159573173828,0.805421657294673,0.717466713135823,0.8554981784029364,0.8768477293347098,0.8912287336208224,0.8519301349760029,0.8828279877980814,0.8860141432739211,0.888699381045662,0.8583136064740963,0.8977432360533685,0.8635064872913576,0.8706640486340979,0.901602591691435,0.9159147077744303,0.9319021877847763,0.8711908074214719,0.9035254397587332,0.9602983503813628,0.9509466015767134,0.9355696890211618,1.0,0.9346112508616627,0.874902687338557,0.886042063187233,0.8584725512038546,0.8779127656408393,0.8298047114854633,0.8744817778383944
HP.10,0.9375852187091004,0.9429054240920447,0.9423633968042229,0.9484818555666251,0.9479343967040682,0.9523954663848857,0.940807174338707,0.9565174508951987,0.9513602276733252,0.9624287035329185,0.9545937575767538,0.9605508334790172,0.9527927106253988,0.950815958511706,0.9271864734285775,0.9463122281890316,0.9557700372968895,0.9265629158343034,0.9590729929321226,0.9535942729406552,0.9354598924493609,0.9432469987499476,0.9423697138664865,0.939989881845445,0.9422161539760803,0.9114358216423646,0.9431160101998051,0.9534380068540157,0.9216520942241891,0.9494079651654,0.923487046044982,0.9283018076140093,0.9528611449641161,0.9147223309118724,0.9351297497277677,0.8652311356789968,0.9352830256444009,0.8117642776395886,0.8314791469667221,0.7228862039804508,0.878081358930188,0.9448756411039173,0.938448929233185,0.9040974145157108,0.9407349046450966,0.9349355562212686,0.9423036613647624,0.9400636732440115,0.9572014085553338,0.9255210229682769,0.9419602332767606,0.9608976674301467,0.9339113210917158,0.9419009435020258,0.9054622358807359,0.9169180116421565,0.9524086063216489,0.9487583393485881,0.9433067238528489,0.9346112508616627,1.0,0.9431883117920813,0.9491752752092483,0.9309300190910927,0.9271867476013931,0.8607211268242458,0.9157010237082168
AP.1,0.9548125567102718,0.9605636657595807,0.9516625459346506,0.9179904359266738,0.9350409047209604,0.9282919050853801,0.921505651253575,0.9532226495131078,0.9475279464876006,0.959226931111883,0.9529330443527018,0.9572563443637172,0.9536838135007158,0.9511490925904638,0.9467114198384031,0.9327704086874519,0.9626556863445381,0.9230182411645855,0.9512214056125892,0.9426240175458473,0.9167638401388672,0.9429829034667107,0.9353405185143341,0.9332084879910074,0.9193311281016517,0.915577022561663,0.9377702096299482,0.9348829680983728,0.9257907167406977,0.9448115104567802,0.9358869132689812,0.9033988082449886,0.9471608104188176,0.9165017220593998,0.9472675425707662,0.8504670426174245,0.948015843903922,0.7783865714568033,0.8025852464114104,0.7170010625624837,0.8497183083525053,0.9492239968957918,0.9333066610522882,0.9172351368202402,0.9552740597392304,0.9416517380323224,0.9448063842909267,0.9517756458653672,0.9493019149392323,0.9474668082909181,0.9521033742163095,0.9566808624541663,0.9259723088274988,0.9149988870331848,0.9137108705381642,0.9076183380914774,0.9058061254751238,0.9079279996940408,0.9069170792067711,0.874902687338557,0.9431883117920813,1.0,0.9477232523227209,0.9677087236701121,0.9553992409542067,0.8729820083253217,0.9119801209025865
AP.2,0.9431316176422133,0.9464708195100637,0.9459760334285895,0.9306433777844318,0.9363021726855105,0.9343089733391907,0.9296124039637029,0.9455688397197626,0.9382140952140317,0.9492296932012932,0.9540832210638023,0.955863293601509,0.9493008146809737,0.9431399533704381,0.9406761514438005,0.9360591317033891,0.9566937423646229,0.9314218356977657,0.9567845442278597,0.9505383539364076,0.9197251026598916,0.9368582142935532,0.926433728037564,0.9144723508904369,0.9298018076566475,0.9152719979329326,0.9247732999026615,0.9345526288772431,0.9211977795653837,0.9475456581100152,0.924702475024805,0.9020718423580337,0.9418838218089108,0.9127819454969894,0.9372446295581883,0.8255320993545584,0.9229335803384142,0.7707391942997178,0.7864495701081602,0.6895344561003934,0.8391696636984294,0.940654934910609,0.9331186917225831,0.9434133832789313,0.9460176692381487,0.9513159642021917,0.9562010429539514,0.9499069004532764,0.9675525443067625,0.9317241953163713,0.9528887960992805,0.9656000173110244,0.9317149145770559,0.9541220951346875,0.9269961886323074,0.9009897515022507,0.9037844139836578,0.932308336418877,0.9449023883478395,0.886042063187233,0.9491752752092483,0.9477232523227209,1.0,0.9543349673613567,0.9322848013049009,0.8552774789824598,0.9320843493596686
AP.3,0.9617670627801884,0.9648163847295207,0.9625220402937369,0.9041702199931616,0.923387362642334,0.9136204958972879,0.9042080110886034,0.9493671584616354,0.9380109316282031,0.9522629464171761,0.9547788082309869,0.9579016261476552,0.9544872653798552,0.9486576575569021,0.9600316444211968,0.913740367980478,0.9589456327240841,0.9084696878300788,0.9517432731092265,0.9298886431358514,0.921288727305521,0.9417131875902426,0.9330993721799157,0.9211346280808429,0.9084309306473463,0.9252914397555493,0.9344385660065857,0.9196896990169776,0.9310133569702059,0.9478802669043495,0.9388186401819347,0.8781968669368558,0.939233427484957,0.9259613998978938,0.9477321739825589,0.8151841847830866,0.9303037670451695,0.7572469390026033,0.7531650662777936,0.7055796844074312,0.8205105313024863,0.9654067007942093,0.9521562491124632,0.95410872722489,0.9639085023277023,0.9525305452859899,0.9615426217074949,0.9646618876411817,0.9548969484656471,0.9646733739935123,0.9657261888589278,0.9542721101153666,0.9382838406779197,0.9122089068032738,0.9230116278041898,0.9181314090960575,0.8847938887111897,0.899433034731651,0.9001362569828312,0.8584725512038546,0.9309300190910927,0.9677087236701121,0.9543349673613567,1.0,0.9534182226686557,0.8741984047452436,0.8901710357858212
AP.4,0.9347029558099783,0.9293430987454138,0.923681483841039,0.8872686459880805,0.8961448788405318,0.8965133950442702,0.8878034702843769,0.9177330764964766,0.9199393454248604,0.9305897771204673,0.9261201215909876,0.9295728372273961,0.9180618691430653,0.9130502345243884,0.9154264082427649,0.9058498830456746,0.93212630168218,0.9006147971737163,0.920227186020864,0.9146504832060828,0.909017431853567,0.9281886390765897,0.9190556055479131,0.9196642602478263,0.9102398724660501,0.9224345779678147,0.9270636620796221,0.9228327141175541,0.9002101448504286,0.9361093810582883,0.9295830958538029,0.8872132487947876,0.9457982340638964,0.9137093225279901,0.931962279377231,0.8320295573862734,0.9237969650455389,0.7950604436244086,0.7973395719051407,0.735513290370993,0.851070203629379,0.9463720176359096,0.9332258003472577,0.9206549204054127,0.9325770042822752,0.9176828753457236,0.9227342074040689,0.919209221328625,0.9264587323785803,0.9308173277084615,0.9259247964410788,0.9346195820786862,0.9413226260732966,0.9048321470221997,0.8943363154160939,0.8833123848093055,0.8936321523061163,0.8968837612767612,0.9099431089567902,0.8779127656408393,0.9271867476013931,0.9553992409542067,0.9322848013049009,0.9534182226686557,1.0,0.8986683905584903,0.9153555860208298
AP.5,0.8292871936814077,0.830591474934551,0.8195014837533624,0.7745600442890358,0.7874126299630417,0.7868587408882366,0.7823368811131415,0.822053740078616,0.8299994664294643,0.8257372367041582,0.8191630179923336,0.8296253034992657,0.8213528205665602,0.8080146010667437,0.827119299991059,0.8013625363968314,0.8227125967630539,0.8031195022245589,0.8265837943598001,0.8059298470387335,0.8532401102210694,0.8634004916689474,0.8649679381027358,0.8665057643199616,0.8602971873097333,0.8962954652584504,0.8673783292996843,0.8742453900554908,0.7877839390807817,0.8737154807765309,0.8798442145315587,0.8172984127311124,0.8851476501392642,0.8869480001238195,0.8630391306280614,0.7436001063045143,0.8617548842107955,0.8752703025223199,0.8258436288484646,0.8340536107157824,0.8983898233248561,0.8811828358111344,0.8693534302529559,0.8264248608003727,0.8673315498647629,0.8712282784590517,0.8522704601912686,0.8731405217190782,0.8686992339431726,0.8655414605385875,0.871327979111385,0.8550551168226278,0.9036061808092564,0.8457329017818128,0.8013672742183766,0.8142588937989403,0.8529293070416188,0.8313436269838752,0.8363066392121326,0.8298047114854633,0.8607211268242458,0.8729820083253217,0.8552774789824598,0.8741984047452436,0.8986683905584903,1.0,0.8212870506361061
AP.6,0.8850713113199771,0.8882166644376035,0.8764119152947298,0.8824086871458116,0.8837622598607161,0.8895063516231788,0.8878791104085828,0.8876293132647333,0.8904786649127361,0.9041582698153451,0.8925919059678329,0.8963821628726915,0.8798737689022513,0.8798942681930847,0.8636797271677602,0.9067122727485425,0.9045059257327547,0.9044526257124736,0.8901359486337729,0.9101343971447281,0.8711365093710611,0.8935007745116337,0.8802751617528267,0.8850059627147437,0.8977684417198577,0.8718584387403407,0.8840560337852662,0.9047073741233986,0.8713022510290094,0.9000680279617513,0.8833192894320739,0.8979968349527719,0.9170336514675624,0.8599184150802929,0.8936542367292858,0.8444689681445379,0.8908282435019393,0.7629682571551245,0.815056713782815,0.6991681365782646,0.8377587162551625,0.880114720452737,0.8657571878973936,0.8629867037930364,0.8744858211061082,0.8693550436175717,0.8796013965640151,0.8591802398811624,0.9005737937385051,0.8520061920743567,0.8864115154459193,0.9164316703031636,0.8825140044591324,0.9183641663778858,0.8735962972119912,0.8207598357204487,0.870410766440905,0.8870999351038059,0.9179628730387794,0.8744817778383944,0.9157010237082168,0.9119801209025865,0.9320843493596686,0.8901710357858212,0.9153555860208298,0.8212870506361061,1.0
